일자,기관,개인,외국인,기타,전체
"2026/03/25","682042101210","11863364405","1002288402019","0","1696193867634"
"2026/03/24","611728982128","15893661537","893859678004","0","1521482321669"
"2026/03/23","1602722471969","10409040242","1109853574462","0","2722985086673"
"2026/03/20","545559779624","13946645627","1069241292253","146479500","1628894197004"
"2026/03/19","732961805524","11375861614","1160532974976","0","1904870642114"
"2026/03/18","491507920261","13529891528","1094673478573","0","1599711290362"
"2026/03/17","425152335949","9032003838","857469755721","490000","1291654585508"
"2026/03/16","672612656940","9830718143","911617299598","0","1594060674681"
"2026/03/13","1033438510116","13386547263","1239300177359","0","2286125234738"
"2026/03/12","506862335549","19485938535","1081571989362","0","1607920263446"
"2026/03/11","410946443964","10680263229","1152088884281","220181210","1573935772684"
"2026/03/10","475146766860","13090513184","1069626030698","0","1557863310742"
"2026/03/09","965303277305","16044702748","1526407536233","0","2507755516286"
"2026/03/06","547723536207","16051341494","1191247939538","925000","1755023742239"
"2026/03/05","685478990500","20864008310","1657012909965","0","2363355908775"
"2026/03/04","989091271196","30184444201","2025065977712","236829860","3044578522969"
"2026/03/03","618944949810","22367215179","1816066116511","0","2457378281500"
"2026/02/27","343643133857","17562477199","1578190344741","0","1939395955797"
"2026/02/26","396459485299","14102840420","1189425566155","1167200","1599989059074"
"2026/02/25","361661235018","10678061177","1081804658559","7947700","1454151902454"
"2026/02/24","288259757838","11174996913","975090050794","0","1274524805545"
"2026/02/23","465528391223","12647807653","1091659836244","4095680","1569840130800"
"2026/02/20","428819474988","14789634084","797571486778","0","1241180595850"
"2026/02/19","385107991267","13618942592","1094358674311","9191000","1493094799170"
"2026/02/13","354561483460","13285351593","857537311933","4765000","1225388911986"
"2026/02/12","287061847779","18734571734","965281029188","0","1271077448701"
"2026/02/11","167453391733","14365222854","899842344173","16310900","1081677269660"
"2026/02/10","261393809168","10734982877","872285622106","4818600","1144419232751"
"2026/02/09","308196665644","11080772670","848619285028","392783000","1168289506342"
"2026/02/06","332197820337","14303417230","1022496785465","13727000","1369011750032"
"2026/02/05","507424518582","11916671037","922100534901","8729270","1441450453790"
"2026/02/04","300295111082","13145006328","710665816271","1146279630","1025252213311"
"2026/02/03","239534056479","16409636748","799218612621","598651180","1055760957028"
"2026/02/02","490234584218","10885547607","993118733713","7569580","1494246435118"
"2026/01/30","351780026407","11807383897","1145526121541","0","1509113531845"
"2026/01/29","444473889597","12088103411","1216839839357","0","1673401832365"
"2026/01/28","448385140613","9776135714","861352094682","0","1319513371009"
"2026/01/27","391217640915","12115387140","897910282160","754000","1301244064215"
"2026/01/26","305586609282","5045508812","825039394488","0","1135671512582"
"2026/01/23","209696820093","13747334752","874960677497","7581300","1098412413642"
"2026/01/22","368451187219","17006734556","1337709714703","0","1723167636478"
"2026/01/21","240968763510","16328504904","950379376262","0","1207676644676"
"2026/01/20","377051824617","13315391012","834133080431","0","1224500296060"
"2026/01/19","223394783929","12335036462","817741891292","0","1053471711683"
"2026/01/16","225454177401","9911182903","834094524915","0","1069459885219"
"2026/01/15","202141884755","8034333230","775450424927","2135700","985628778612"
"2026/01/14","246002920952","12726542108","875528598562","0","1134258061622"
"2026/01/13","209488637964","14587449957","677677684832","0","901753772753"
"2026/01/12","269589451309","12010608403","646701093419","0","928301153131"
"2026/01/09","232876851033","15711563710","795737894493","1431000","1044327740236"
"2026/01/08","279673425033","19136169209","806379615850","2037000","1105191247092"
"2026/01/07","243558573107","14663222358","835171688578","12084400","1093405568443"
"2026/01/06","194437024325","14009067663","983963407294","0","1192409499282"
"2026/01/05","237547107438","10591093040","675613316863","681500","923752198841"
"2026/01/02","199882275922","7348825381","476490160936","0","683721262239"
"2025/12/30","221428572064","7046962525","436860347437","0","665335882026"
"2025/12/29","406790412421","8098047798","384740963562","291500","799629715281"
"2025/12/26","149324787229","7488201706","331407629345","0","488220618280"
"2025/12/24","143261496667","7239468212","345278860117","588000","495780412996"
"2025/12/23","162056477318","7582557640","435813976661","287500","605453299119"
"2025/12/22","107415566807","6052448039","437237642386","288500","550705945732"
"2025/12/19","141309294666","11501697666","604224929172","0","757035921504"
"2025/12/18","147376041808","6189820336","487302910354","619500","640869391998"
"2025/12/17","108289004389","9112872566","495434579442","0","612836456397"
"2025/12/16","219799651768","5749701229","533260018034","0","758809371031"
"2025/12/15","141436935092","4819695333","499502579106","0","645759209531"
"2025/12/12","194381254053","7512439954","540691996786","0","742585690793"
"2025/12/11","327242425732","6490317861","788403904976","0","1122136648569"
"2025/12/10","186307401770","5575679547","496796346784","0","688679428101"
"2025/12/09","142751712079","4311983544","549833758612","0","696897454235"
"2025/12/08","156175378620","7053874950","655817537907","0","819046791477"
"2025/12/05","129324970486","11608616834","635296114784","1792000","776231494104"
"2025/12/04","146540858895","11229894001","575251845707","131083750","733153682353"
"2025/12/03","132579304996","9788979821","515650187605","0","658018472422"
"2025/12/02","114933241778","8240662722","589955694707","1252000","713130851207"
"2025/12/01","178294951102","9377386354","483836834761","0","671509172217"
"2025/11/28","118988771081","5583289134","654681965224","0","779254025439"
"2025/11/27","156211842174","10238982585","589513554411","0","755964379170"
"2025/11/26","139674478119","11798820767","804029872137","0","955503171023"
"2025/11/25","297222522911","10022661541","634012891716","0","941258076168"
"2025/11/24","259978349995","15191929258","823541203561","0","1098711482814"
"2025/11/21","142153044758","11348864907","614558204826","0","768060114491"
"2025/11/20","103886053747","11693607477","560333661609","0","675913322833"
"2025/11/19","172307945420","13280310174","624588199366","0","810176454960"
"2025/11/18","356272578805","8111803008","730655082970","0","1095039464783"
"2025/11/17","350994727948","10264688631","593674233029","0","954933649608"
"2025/11/14","514775033915","8233839496","726066509026","0","1249075382437"
"2025/11/13","356962556693","13207973950","677840572428","0","1048011103071"
"2025/11/12","251364436576","7498544816","637152682041","0","896015663433"
"2025/11/11","407905115023","13095000042","791678441161","0","1212678556226"
"2025/11/10","237782110165","8158330456","542743332325","0","788683772946"
"2025/11/07","370140566346","13266328225","657456300043","0","1040863194614"
"2025/11/06","464591316814","11947825982","714854662821","0","1191393805617"
"2025/11/05","544728143069","15590388381","1018670794191","0","1578989325641"
"2025/11/04","531410692030","8183771703","672671813892","0","1212266277625"
"2025/11/03","474123281772","10998773750","787189133303","0","1272311188825"
"2025/10/31","266315378499","11137192282","685926598002","4041200","963383209983"
"2025/10/30","589196930360","13222609304","759133750767","587822750","1362141113181"
"2025/10/29","399699151212","13464050687","855285334208","109123000","1268557659107"
"2025/10/28","530962336451","11165582274","822350099500","473265900","1364951284125"
"2025/10/27","367774692881","13749133266","964123571131","0","1345647397278"
"2025/10/24","240071694850","10307404813","680594316122","246540","930973662325"
"2025/10/23","592860107271","10943790231","542200649320","0","1146004546822"
"2025/10/22","369627677657","9819650204","628307168527","0","1007754496388"
"2025/10/21","458427170404","8664013212","757536255291","0","1224627438907"
"2025/10/20","313572566829","8593087180","540808126155","0","862973780164"
"2025/10/17","437818525478","9081340376","601428516851","0","1048328382705"
"2025/10/16","468901356478","9377790286","641738357720","0","1120017504484"
"2025/10/15","189450685204","10409933354","562276802529","0","762137421087"
"2025/10/14","439861780559","10188854494","682112492180","0","1132163127233"
"2025/10/13","467227725294","7970141259","650303151914","0","1125501018467"
"2025/10/10","442232606356","12072968129","833602339332","0","1287907913817"
"2025/10/02","500969786255","12762506604","618160494057","210091350","1132102878266"
"2025/10/01","157891268546","7164525776","420791561861","181386130","586028742313"
"2025/09/30","254040859536","5564284485","411504208911","0","671109352932"
"2025/09/29","113572023298","7904570016","337969499450","0","459446092764"
"2025/09/26","237069158564","6986539586","472129496091","0","716185194241"
"2025/09/25","267765998148","6370530452","380966467968","0","655102996568"
"2025/09/24","131389971240","6153415325","423895660310","0","561439046875"
"2025/09/23","197842215663","6786477992","378757516523","0","583386210178"
"2025/09/22","134801350589","4948429347","587329551673","0","727079331609"
"2025/09/19","103552770751","9058542938","680054290112","0","792665603801"
"2025/09/18","146060074531","7601154609","526826026258","0","680487255398"
"2025/09/17","121530642507","7138964852","462988013445","582335000","592239955804"
"2025/09/16","189883150976","10748883532","491878053922","0","692510088430"
"2025/09/15","260809091179","7559388760","501135596649","0","769504076588"
"2025/09/12","252298025512","10210679857","504840755396","100763700","767450224465"
"2025/09/11","378006709752","11425832048","553087199733","0","942519741533"
"2025/09/10","278383278872","7934771523","485737176246","0","772055226641"
"2025/09/09","237098034814","9504168863","446451985912","0","693054189589"
"2025/09/08","119810280614","5635667443","362964735376","0","488410683433"
"2025/09/05","178638988151","7326047176","362942200742","872410000","549779646069"
"2025/09/04","177938127452","7701569118","343417605875","0","529057302445"
"2025/09/03","210798836190","7522617020","540914812113","0","759236265323"
"2025/09/02","202609501092","8367801345","349351724519","0","560329026956"
"2025/09/01","156241037381","7210168261","370390566007","0","533841771649"
"2025/08/29","130240994156","7680914817","432371861386","0","570293770359"
"2025/08/28","204410110211","10945727093","496082154676","0","711437991980"
"2025/08/27","265113103768","8658976128","550904662057","1181536000","825858277953"
"2025/08/26","242099074102","8367637636","567971302357","0","818438014095"
"2025/08/25","259274873437","6606754719","365297732743","0","631179360899"
"2025/08/22","160645354877","8448369504","452172737640","204677675","621471139696"
"2025/08/21","217894189761","12783437151","637053706029","0","867731332941"
"2025/08/20","140409569180","15492642486","623285346945","0","779187558611"
"2025/08/19","136731696166","9607404971","508583606596","0","654922707733"
"2025/08/18","142525869538","5367328023","453983315166","0","601876512727"
"2025/08/14","232451010900","9514808431","528288572309","0","770254391640"
"2025/08/13","182471779384","10509889885","469431077898","0","662412747167"
"2025/08/12","176021146592","7394045369","476138394754","0","659553586715"
"2025/08/11","134515784760","7204011173","459218948689","0","600938744622"
"2025/08/08","150461801039","7756698135","618445957707","0","776664456881"
"2025/08/07","145077450974","7783036060","595290519456","0","748151006490"
"2025/08/06","192901564598","8787251059","529868563328","30949650","731588328635"
"2025/08/05","232871393819","8805660684","533427513004","0","775104567507"
"2025/08/04","199393829067","7364746030","479547524008","0","686306099105"
"2025/08/01","330698817355","8442037759","698987551481","0","1038128406595"
"2025/07/31","312751057905","14806791679","817979537762","0","1145537387346"
"2025/07/30","196738778274","7637503013","738667418637","0","943043699924"
"2025/07/29","195502321390","8462570924","692801649899","0","896766542213"
"2025/07/28","284695156302","8603409447","798534788954","0","1091833354703"
"2025/07/25","137256152920","7376463519","543607839297","0","688240455736"
"2025/07/24","281266859663","9800689677","630668429292","0","921735978632"
"2025/07/23","137879102657","8524328039","478194186731","0","624597617427"
"2025/07/22","246867148707","7569462487","506822877098","0","761259488292"
"2025/07/21","177440131908","6534900852","444115250584","0","628090283344"
"2025/07/18","141580050963","7396328853","526519760919","489488150","675985628885"
"2025/07/17","297820905838","9043389370","938125451276","491420000","1245481166484"
"2025/07/16","196235272067","6085262343","581073836866","676217590","784070588866"
"2025/07/15","156285126610","7220093243","628931100529","799122530","793235442912"
"2025/07/14","222022500401","7440521094","488748598175","318987500","718530607170"
"2025/07/11","222261125864","6921875572","567907611745","0","797090613181"
"2025/07/10","251181542029","10240442372","632368167121","0","893790151522"
"2025/07/09","175013588451","7849804719","604598857868","0","787462251038"
"2025/07/08","143064189157","9830968087","723388880251","0","876284037495"
"2025/07/07","141519256360","9251630793","522229426357","0","673000313510"
"2025/07/04","160643352997","10241189091","919994445721","0","1090878987809"
"2025/07/03","189686033535","10439991918","623020499935","0","823146525388"
"2025/07/02","186508899385","8439677277","669393854067","0","864342430729"
"2025/07/01","175192305404","9839817311","581790034281","0","766822156996"
"2025/06/30","150446543585","9315815635","442063020845","0","601825380065"
"2025/06/27","177344255211","10375033387","584144316414","0","771863605012"
"2025/06/26","168820508418","10093614964","734655327377","0","913569450759"
"2025/06/25","257012179559","9920877887","746333185371","0","1013266242817"
"2025/06/24","183551533034","11131945019","821252046870","0","1015935524923"
"2025/06/23","323321198741","13494899945","721907906636","0","1058724005322"
"2025/06/20","145527638364","10811952165","830451465846","0","986791056375"
"2025/06/19","147571370896","9105984795","544345350750","0","701022706441"
"2025/06/18","168675460504","10216519933","537270301376","0","716162281813"
"2025/06/17","199522369243","12068225249","640631203999","0","852221798491"
"2025/06/16","165511077125","10043114043","573954888085","0","749509079253"
"2025/06/13","268217069878","12239258112","619057012844","0","899513340834"
"2025/06/12","341157681998","17187230158","703516374544","0","1061861286700"
"2025/06/11","179306972898","14078513956","639511606606","0","832897093460"
"2025/06/10","189465237871","11937968208","660852210607","0","862255416686"
"2025/06/09","197311488863","8674212988","614847308912","0","820833010763"
"2025/06/05","136885823874","12430796407","582207305300","0","731523925581"
"2025/06/04","129663464507","9615568577","554733266710","0","694012299794"
"2025/06/02","84857092496","8369397716","548493741872","0","641720232084"
"2025/05/30","104153464319","8689521009","654695563156","0","767538548484"
"2025/05/29","80860766512","10416214305","575808161250","0","667085142067"
"2025/05/28","100847079386","9070554593","475642600663","0","585560234642"
"2025/05/27","110415498132","7061476505","377436608668","0","494913583305"
"2025/05/26","99189372738","8577456677","420422029194","0","528188858609"
"2025/05/23","64219872440","9158318733","402549136275","0","475927327448"
"2025/05/22","86858286158","6843449263","410387062168","0","504088797589"
"2025/05/21","66134382075","7892033348","380698614114","0","454725029537"
"2025/05/20","58793864817","8954159598","399269011368","0","467017035783"
"2025/05/19","81462993609","7425437128","438912257968","0","527800688705"
"2025/05/16","78188765897","11163140263","419399208595","0","508751114755"
"2025/05/15","105038640841","5358632233","353486891676","0","463884164750"
"2025/05/14","83604074338","9170998275","455957710333","0","548732782946"
"2025/05/13","94650599427","8733587605","434708006370","0","538092193402"
"2025/05/12","52597554331","5453207102","399807398253","0","457858159686"
"2025/05/09","81575648873","8008603318","385602572363","0","475186824554"
"2025/05/08","96449264593","10195567084","698815840920","0","805460672597"
"2025/05/07","109143057188","8255815877","512212914268","0","629611787333"
"2025/05/02","94368440054","7434622819","417783165871","0","519586228744"
"2025/04/30","109063804600","10244740874","499610423884","14225000","618933194358"
"2025/04/29","60491643747","7584481631","406599077675","0","474675203053"
"2025/04/28","74436104914","9297332400","446258641992","0","529992079306"
"2025/04/25","72638470209","7732861930","398131292406","0","478502624545"
"2025/04/24","90753021865","9001125856","425919312959","0","525673460680"
"2025/04/23","65240639465","6404857225","334215658920","0","405861155610"
"2025/04/22","47047386617","6985628501","401621078884","2694000","455656788002"
"2025/04/21","57397595480","4480148054","289390436312","0","351268179846"
"2025/04/18","58965287225","6161685313","233333356925","0","298460329463"
"2025/04/17","60174909105","8515182009","339533824785","0","408223915899"
"2025/04/16","76432752495","6383437023","457637942098","0","540454131616"
"2025/04/15","45145867427","5669585963","369719491804","0","420534945194"
"2025/04/14","75968265228","5453432896","351932985968","0","433354684092"
"2025/04/11","112162294909","7700910093","448372274709","0","568235479711"
"2025/04/10","144554095903","13811868067","614076751700","0","772442715670"
"2025/04/09","171676960454","9058682026","1333664379833","0","1514400022313"
"2025/04/08","73121582596","7595928706","546115174550","0","626832685852"
"2025/04/07","205076286804","6303087324","665842140516","0","877221514644"
"2025/04/04","114396160985","8862548179","1072878214468","1180000","1196138103632"
"2025/04/03","100423919429","7853272594","980502779962","0","1088779971985"
"2025/04/02","75843838662","6411153372","814185360701","0","896440352735"
"2025/04/01","70078222829","7756678946","621963047708","0","699797949483"
"2025/03/31","111489218046","12269408959","1178002682344","0","1301761309349"
"2025/03/28","40996076588","0","0","0","40996076588"
"2025/03/27","36112747264","0","0","0","36112747264"
"2025/03/26","33721670974","0","0","0","33721670974"
"2025/03/25","50595047015","0","0","0","50595047015"